,label,0,1,2,3,4,5,6,7,8,9,10,11,12,13,14,15,16,17,18,19
0,1,0.03389717923489708,0.558163894389005,0.37982868551230364,-0.09950799938238869,1.0151136922752435,-0.23540567771529702,-0.01811088565247654,0.8573315029312484,-0.02717281203764201,0.4899710627120153,-0.7816616193841027,-1.3077192837222713,-0.13873922383367432,0.9123155420714204,0.5344606035494087,-0.31298932438629135,0.8231868821525798,0.42307039422253345,-0.3822576662842391,0.3672448281940037
1,0,-0.7436142251383913,0.2534337917069625,-0.4196179069789473,-0.31516262447073684,0.5830199641513508,0.17557178481152588,-0.19009831098075564,1.2537729871654382,-0.09787779210862552,0.2983647771938266,-0.7999187155086006,0.03905563056175387,0.39790036078331764,-1.0954237201496393,0.16132008306856227,0.03192234372484597,-0.2952715242831297,0.0906508244484909,0.434516974668307,-0.9836766934688064
2,1,-0.520505701422154,0.2212348528546917,-0.07888073723714945,-0.05669625604197952,0.4916269102338669,0.8878922226826184,-0.098815350316771,-0.4244898693427359,-0.7434832574943108,0.2816772868784761,-1.0145272201939357,0.35285764028634975,0.7828267065970596,-1.2296033924060175,0.017551938729159316,0.2544309278751981,1.0084649431980393,0.3568463568279588,0.46644326784287415,0.19395225356401027
3,1,-0.41004728370390986,0.23866882607707346,0.26844181259238037,0.030884446322634512,1.0436078776469098,-0.2626409681490097,-0.20113107405160935,-0.07360513902062267,0.5091123412722652,-0.06933753132973988,-0.26016771754099727,0.08495003512843892,0.0851979080481465,0.34275152355314165,-0.7146897695454206,-0.35179746089722747,-0.2168189806062847,0.33780662005288226,-0.5258364740951564,0.3672448281940037
4,1,-0.07381039254957633,-1.7431921730833515,0.08527340753188878,0.041046961435995837,1.8190610492966885,0.38366653143894597,0.11827367642623449,-0.5540660116967906,0.8230907494056281,-1.1514648659179347,-0.06822804463898827,1.2621611426029398,0.7214224197208021,-1.871056832955596,0.050726891572842915,0.7663794596435822,0.6543436710698479,0.0548253200857598,-0.22047857696475934,0.00895892047791139
5,1,-0.9183737758331487,0.3182464907940427,0.060059508262574605,-0.006461934779336696,0.34682009076883813,0.10547295016977812,-0.14634490634081193,-0.5756981672531194,-1.9044808632942454,0.403449612098127,-0.37538324110867216,-0.7844980810525338,0.6165097965645854,-0.5400854890455675,0.08787660125689109,0.3405870339069033,0.9909714838727361,0.1832260665733878,1.4553825885965783,-1.1671204996934528
6,1,0.1557570949540017,-0.06773116555836241,0.24891324626604897,0.0691972554712533,1.1067020547682866,0.5094317169516484,-0.1942276555508766,-0.31549000241067976,-1.5036150717445644,0.1548548889101369,-0.7548421002954101,-1.0375350866275272,-0.029645995137381007,0.11096642730354857,-0.06268642635550495,-0.16463440501481372,0.7091230475624415,0.4682054433973129,-0.4422937247550688,0.3346863520391457
7,0,-0.30947430893250116,-0.0014986881333384605,0.2456587394927891,0.0759634715422024,0.6715918966311901,-0.5899266763394783,-0.4387813801342347,-0.22386235788584355,-0.8386034859595256,0.025950437442900882,-0.8703477583096735,-0.28871310661715605,0.16508674543350396,-0.3024976148745638,0.004256094283267085,-0.01783217843099039,0.1368154834368601,0.16157871849080474,-0.37563198128144587,0.19864360116953408
8,1,0.2215696639037732,-0.7376917007584262,0.665494452970665,0.2961259153583256,1.2062234020416722,-0.5783206779952234,0.5959370981639919,1.3634780816094116,1.1847251199841484,-0.763950095817181,-1.3247720281999973,-0.1832129018796484,0.30011192888840044,-0.7111060514758001,-0.1364406726903679,0.1741394003453619,-0.7023209578081019,-0.3598477050154335,-0.5929049425017483,0.3672448281940037
9,0,-0.3429156569724838,0.12216783125081278,-1.3606546667143014,-0.36041411358153297,-0.8637993647664883,0.7002273047304752,0.21909929446586646,1.3554179211127027,-0.4828269360407285,0.18703338180406398,-0.6716724571334493,-0.6151050537191014,0.7626885249790311,-1.609349252467296,0.040617503818460535,0.3479107994901025,1.1322592041301864,0.5471415139260346,0.07740432658301206,-1.0501669868712786
10,1,-0.3251874005809042,0.29643408765403084,0.59198477590386,0.05594692808112492,0.20804578173983299,-0.6809765172536583,-0.4401057204879118,4.029533660079888,0.5608877004360351,0.27878211531165453,1.0718919324455214,0.08306919899668887,0.6849144950085461,0.21270956325034074,0.30956739930543853,0.07177881681452541,-0.6410128830281712,1.2566839947321724,-0.048612242992267456,0.41709856595022793
11,1,-0.6134719348905294,0.3976225136990094,-0.3035998679098393,-0.10010576777614315,0.5628584684343089,-0.19613534006915478,0.13591065602524033,-0.6918972397138404,-2.351717103945423,0.4251360490492523,-0.23354251765059675,-0.47466733129193994,0.5175844291747949,0.3014324989438379,-0.0793294085167387,0.0627066896994003,1.46143357295875,-1.2178085561610077,0.7734048675237494,0.3672448281940037
12,0,0.13850422868408238,0.4638622718198601,-0.034910485270382895,-0.05446253908992665,-1.1045742480164316,-0.13080387209167996,0.8344607527137927,-0.15281821865309347,-1.0984017006510516,0.3627458420648784,0.9479812483765232,-0.7438197106673667,0.312038734629715,0.6650811192544009,0.10834250696455731,0.6036797294176254,0.6528424631508283,0.18822700866073397,-0.3109393749456582,-1.1179309027857556
13,1,0.5039161910902644,0.6721972556582179,1.1210060238304667,0.3592939165795135,-1.1323650298105605,-0.5678026067811522,0.19117380582781407,2.6340788136875584,0.9719636642896979,0.4613705839753497,-0.5420891418699912,-1.0981356356670018,0.6604741763733918,1.1729665584318703,-0.14972965152302917,0.45090784433411224,-0.25240194555453577,-0.2700685151245654,-0.6981056167000617,0.19395225356401027
14,0,0.37638604971289324,0.2771683861716506,0.3566500666882691,0.06321699712487219,1.686123319265295,-0.5503821353184137,-0.07364330444507075,0.3618036257560155,-0.043556902993974536,0.30009785082720336,-0.14666279216458789,-0.9737768111159266,0.10216800048582518,0.4972226075504944,-0.023798580287523075,-0.3008636153680757,-0.011015659816109346,0.3061993482333543,-0.14383935875463555,0.3672448281940037
15,0,-0.23690390961357216,-0.05974964841675223,-0.1230722603768307,-0.05469507980534258,0.48844732215273207,-0.16290612028160892,0.5380290620957926,-0.5507352135487706,-1.0472438082596809,-0.25428187195124446,-0.8679517714957159,-1.0253409839796146,0.48769457513685494,-0.9575490130386212,0.06762815430148117,0.11881116223291391,0.2812407310291517,-0.5553623006273468,-0.18823478462120885,0.3672448281940037
16,0,0.45710849076621535,0.18612662698141536,0.4245765829487176,0.21537200557021377,0.4801109381440493,-0.5857755683522533,-0.2423385146520129,1.16272060117879,0.9080858066451937,0.2511320547161469,1.2546659002289464,0.49170864289676164,-0.12620040092198537,0.10752993440056233,-0.369268651869808,-0.3364371795765946,-0.31527725913166366,0.9723744278958235,-0.15054502240994697,0.3672448281940037
17,1,-0.3372908730168304,0.5281193312962298,0.17060828441170853,0.023084308839191076,-0.6980524243395425,-0.40765305042447814,-0.23850158077094027,0.1579280457500479,0.8490939484177754,0.5454797564521784,0.5304805483536937,-1.2832064225318598,-0.3506158526794481,0.9187414313785224,-0.12666483660838554,-0.5733487904622856,-0.16020226128051684,0.03417824396655175,0.6801521315047799,0.3672448281940037
18,0,-0.8591252858151307,0.38154330150165267,-0.2658232808076074,-0.03304332871158806,0.7948781690340483,-0.641790356681165,1.0643938314366097,-0.6579435747560796,0.08592087545433771,0.3469400136075657,0.07002185378947426,0.6741462925114723,-0.010218850756187938,0.27708196894507064,0.06063519284116004,-0.5473776744869965,0.595908318587472,-1.7191408732809328,0.30437697244152867,0.19395225356401027
19,0,-0.04301614853493397,0.9502779238535024,-0.33283153130919313,-0.2755389495916497,-1.271493333085064,-0.43955544002952235,1.086745353379172,-0.7229549275205305,-1.4526336515471425,-0.1552839502560044,0.3998423742564886,1.0289379995084034,-1.2438446212423035,0.8331333850572328,-0.022707708210593265,-1.116943326454922,0.9206040425035215,-1.6372381726682912,-0.23956828119446885,-0.5587679776785263
20,0,-0.5320612517881436,0.1527891471253222,0.5096363425483875,0.7801088876618627,-0.8042501991213171,-0.1778601083889161,0.2274877213311414,-0.41449621709333817,-0.5486446036953414,-0.003397355262101873,-0.8948336974429348,0.6753680155015663,2.121271831717137,-0.06723464582339786,-0.28646391926674936,2.4995067631184242,0.2688292555466457,-1.7917255920542392,-0.10608574407729006,-1.032061494694135
21,1,0.2226195669813052,-2.1593255365597597,0.8230977142301364,0.26667890572941466,0.6652562054881441,1.0515566493987427,-0.43287719443696504,0.6016753396563909,1.787255994690112,-2.862403422322221,0.8133806885475886,-1.3820409680107377,1.2800290331118322,-4.808375032818387,-0.17978982453764206,0.9050341176701483,-0.5688134822754145,0.4917909804708593,-0.6807137306154322,-0.14929346333938237
22,0,-1.4056283012209427,0.5581751397801009,-0.20383562303373126,-0.17882481151542806,-0.00029824085225359627,-0.15261009504022713,0.3020792091533923,-0.6139462280420419,-2.56661983276096,0.5607562825300796,0.257389927209881,0.4095845262415036,-0.25213089618378376,0.9460142288390064,0.09660152439563215,-0.39076761623103884,-0.24595939261282576,0.09336124547579945,0.0663443445029193,-1.1671204996934528
23,0,0.30573518781776177,0.3965881335426121,1.6330919412785705,0.6102594595682458,0.3907091236412901,-0.561362302474501,0.3164381636784658,0.4817606230166971,-0.37896909147993796,0.38432993895521905,1.00029129732128,-0.008389759963465065,0.7631145015306408,0.5491422998899999,-0.3212378347775073,0.567611909220866,0.18037716775767842,1.423217271213287,-0.6590959889368355,0.3672448281940037
24,0,0.7818353980840143,0.1724181406733951,1.2148007216160448,1.0635517851164495,-1.5318025688369956,-0.5238625020579466,-0.8101536541145992,-0.1417208977409969,0.1121610005210626,-0.09248455861335794,-0.6422682386648362,0.4694237669382533,0.40373827047996474,0.4261453582245568,-0.8131388332637749,0.7343779293503871,-0.1512935969845907,0.314424746422013,-0.6647694230602941,-1.1671204996934528
25,0,-0.20362560240729566,0.1887387743391687,0.8238039150192122,-0.20302239546325987,-0.08977460667891778,-0.5713111135273434,-1.0633915835174728,-0.23716434680870824,-1.211480911077439,0.21462832797445627,-0.8981036018415324,-3.6360592780596357,-1.2367208842797908,-0.7006881883889162,0.8323289139155302,-1.0479069755028587,0.6241154264076182,-0.35355978999688953,0.10467942525044743,0.3672448281940037
26,0,-0.65894684505674,0.17801497288622484,-0.09294654628866451,-0.3256458140996417,-1.3015912235601779,1.218915270371304,0.5880247739275527,-0.6033546663194858,-1.0498223355386855,0.35683936396641924,-0.3322777375466833,1.081678152630236,-0.5172949968241942,-0.4827735296266111,0.34543694621413557,0.14604489367684823,0.9879985283737388,-0.3750780168257973,0.21180914063608985,-1.7193923411838898
27,0,-0.45602155323913773,0.03081388697416899,0.19934762893543786,0.11419778782964146,-1.0254352004685416,-0.29583770820481353,-0.10897953651820794,1.1137089690607367,-0.6889104685892701,0.10702006547595654,-0.23700420006261566,-0.2649809878817894,0.2281700184410586,-0.8965528147531495,0.49193120833222853,0.12222045588108074,1.2769126994989028,-0.27459358893830593,-0.3010518477680287,0.19395225356401027
28,1,-0.48148700856477483,-0.2971690569532075,0.4785932224846379,0.03115346429574163,1.1362451211875977,-0.5518612042335028,0.018429067604609044,-0.3038939095928941,1.2935770966390086,-0.14533983272641288,-0.4473469398362641,0.8634944337391287,0.40006643543407483,-0.9668753272217644,0.03703184578521278,-0.2644695903579181,0.16962775035565877,-0.0835376692740752,-0.24406149593781884,1.1359901826103742
29,1,-0.32310082745211344,-0.11388027674437633,-0.7170882547010394,-0.13087054506356421,0.7388964196256123,-0.25356001279185736,0.3271204510260656,1.482296337587541,0.9234838683048491,-0.2169893443481308,0.1365241706092945,-0.9411874887889214,0.2459410811521333,-0.8437551428832596,0.3018999777717307,-0.2335147340614625,0.26207337998937064,-0.8654687572536683,-0.46432728415730984,0.3672448281940037
30,0,-1.3419005576441831,0.47657980794310656,0.4255346665896017,0.06075471709554136,-3.546634166407448,2.9469153613934047,2.794638940617437,-0.7151058394395154,-1.5564810763987407,0.5305298102879142,-1.3966059810683462,0.8093178653502104,-1.0641413833812579,0.397728273190016,-3.0969092052849048,0.9793803202100694,0.2887347690838924,0.884881099777474,1.34536014108325,0.3672448281940037
31,1,-0.36106737011317985,-0.20924916172322666,0.7045529576280889,0.12246284719212308,1.2004736429621703,-0.5736181808166944,-0.1184996089036085,-0.47183589548779054,1.5212541238702653,-0.5818120741384619,1.1761196114292682,0.4322826642745958,0.8083290098355769,-0.30112261963340803,0.016777079796037025,0.30057048805151765,0.3642009215276077,0.4652557542640592,0.06176649570496162,0.833424187400058
32,1,0.3072802057131603,0.3910247577791546,-0.04163135057943013,-0.06095618327899099,1.3652950213010995,-0.36968910171211894,0.09515650254057559,0.13221029165301038,-0.0020922289714304545,0.22274984006141446,-0.024563408487484693,-1.254602342336269,0.0037738698619345264,0.7465539055131896,-0.0705207528469782,-0.334347122729978,-0.6109994620600238,-0.03724812026177129,-0.5418485328282832,0.3672448281940037
33,0,-0.526315747703091,-0.4825356254508383,0.02583751122169264,-0.030175579778406875,0.44633052018466013,-0.27948378151769143,0.8740268365310472,-0.4143657003104774,0.40663272763873665,-0.7435010736451461,-0.3957598451254407,-0.6019551241362399,0.1514485550389111,-1.1036197460973611,-0.02234617845470664,-0.1506176146323273,-0.26738829466116976,0.46985418215970964,-0.37560840323352374,-0.8562644037874186
34,1,-0.29623104873327377,-0.029773247054464304,-1.1499230552987572,-0.4907403225433696,0.8373377588330122,-0.6325333379764826,1.3615237464308336,0.17187481426811985,0.41347649450815926,-0.010261354047461731,-0.0953102085960824,-1.0149538552568462,-0.761327715929429,-0.34652726287839986,0.043989673456598335,-1.0107258008597346,-0.2242236568323626,-1.4840296734287097,-0.17444885005954439,0.3672448281940037
35,0,0.8003753631358397,-0.0753827627707332,0.5760055834029287,0.1912932440868468,1.2591123104721529,-0.6589676076218443,0.034297979101466806,0.07742347958323716,1.9773503798374985,0.6428886287091111,-1.6547495260615432,-1.0135561872519112,-0.6565664430869712,0.49318342093676387,0.21611180558967458,-0.7091088919107096,-3.535060260398743,0.14896024742265648,-0.6846974507473949,0.3672448281940037
36,0,-0.47752047224125627,0.050136887407918364,1.0924825597347034,0.3941362395866382,0.9663104775364817,-0.6651319702798933,0.20910214978188094,-0.6646799164619059,0.014550021780619593,0.26724125180713265,-0.5863475840602184,-0.7067055274484607,-0.17710526306571303,-0.03285625505569237,-0.5340820747207875,-0.42604139409576225,0.8425424067461064,-0.29748490964560587,-0.13145782102545692,0.3672448281940037
37,1,-0.9508306368710098,-0.9523042072653254,-0.11856731357750969,-0.17091570788338944,-1.029014618363882,0.32178077939720184,0.46891269405327174,-0.7211302278019815,-1.0343979730487527,-0.3169417683319288,-1.3996342658072185,1.0105896296847459,-1.9232680105176854,-1.0651036144898258,0.05716096739450372,-1.1305521634509974,0.9310455621448274,0.19258703642557295,-0.2246460883618077,-1.6641205957217526
38,0,-0.47014143881429177,1.3085347847924966,1.5226077238594011,0.3484676241520201,-1.1585572963690154,-0.6788132975568693,-0.32645954937259236,-0.7249384956847335,-1.694212751324991,1.1839907902277402,0.7456175303396456,2.225712322175408,0.7065179526424713,2.2022955552858945,-0.628709353043021,0.4222262293816693,-0.2450933604936985,-2.523132798234405,-0.33295648422623103,0.3672448281940037
39,0,0.31181413912295675,0.17518309286453296,0.4151553712688453,0.508048572414958,-1.2289552235878405,-0.30928870459968966,-0.7172646996101856,-0.4693306174422168,0.5573835609063905,0.01850615816244959,0.04557558367628022,1.14409378085371,-0.5008770521386899,0.4447134256327089,-0.33707136937209525,-0.01830151411591216,0.675070623796228,0.5467370932648296,-0.4183134290998096,-0.3031695192440119
40,1,0.07956708923456172,-0.6150500240109352,0.6025178420883511,0.22760693069426044,0.9747443948092812,-0.20408201149378297,0.253661725442461,0.055053741767326386,-0.20860094626476683,-0.6445720848376799,-0.2939524030535592,-0.22396301684306671,0.9734705425187817,-0.7307550467380595,-0.03163719353608696,0.612030663070325,0.3484000654301543,-0.11912634997951826,-0.05240791271012391,0.3672448281940037
41,1,-0.785938677032412,0.4380753150170061,1.0368047076859122,0.3029763359293661,-0.36268626212919153,0.7050249468406083,-0.1155185078441002,-0.7089703888194724,-0.6658567544527373,0.38468661120752307,-0.5234770978211084,-1.1242606931387116,0.870623552222174,0.14947875507185693,-0.4416680283949565,0.5159900807642882,1.3922078782289162,0.3519862176919875,1.1798355316378344,-0.2081325894737828
42,1,0.07785079107647361,-0.15814568159213327,-2.2528904906764438,-1.5923576241231263,1.2514453087275756,-0.3409895667707771,0.43062048741179276,0.5968604465259026,0.49195035201871373,0.17477681824434305,-0.2076894741554275,0.6395454838693772,-0.49358523859218684,-0.3536520665769336,2.0239187706019974,-0.5227719691682801,0.6798542586116401,0.02935869037812667,-0.27288724269194065,0.19395225356401027
43,0,-0.8905339915345113,0.2779668254764113,-0.8558387784080845,-0.504002502454477,0.5110486894100801,-0.4996803325849887,1.5874126593369131,0.024310168541724644,-0.49838154708302035,0.39201491956139234,-0.17804846646700137,0.21727289324678137,-0.18015234965110533,-0.5947056757567368,-1.329851769346103,-0.4585627767686044,0.05785060369598496,-1.3679391650892836,0.564544773588867,0.7268289198260123
44,0,0.6255606332433891,-0.7449591564484724,-0.4566112812136219,-0.24650520687663613,1.4082195330276677,0.023695616465617044,0.2991887813780189,-0.4592513260851155,-0.5882456973830565,-0.6719932275811824,0.2080786819374579,0.04312722579566073,0.168505980689383,-0.3188275150253473,0.07737873696374277,0.15624451923257635,0.6110820912286973,0.15195928155271174,-0.4567872522531882,-0.8562644037874186
45,0,-0.6061306030969239,-0.25042144326621923,-0.11803774334369227,-0.267993505855021,1.9335395343160557,-0.6521050461921107,0.0016702586621254942,-0.41148117204451123,1.4630517974597212,0.1595776937969317,-1.9170415587708447,1.2822090327254927,-0.6238745905605743,0.18134185387496438,0.09616605611969845,-0.7680725319806696,-0.26563486594691005,0.5375374557223447,0.018554916025425642,0.728084638272666
46,0,-0.8904246318324017,0.44744819156900206,0.390331469559124,0.10889016178648095,-0.7166057100180225,-0.14591255214860496,-0.15919251080818164,-0.27771252563649856,-1.2718926552519527,0.4493741647532047,-0.05976875128805314,-1.2537234473032155,0.9529285160929717,0.22844169452387564,-0.15377483473289003,0.6246611166583722,0.5276834071093527,0.29177258753035884,-0.0083994818343569,0.2012820801470623
47,0,-0.7445174414002518,0.41150063216371136,-1.7423363318625666,-1.4502782100240665,0.4539138218750649,-0.6742316109656334,0.09954791076014262,-0.6793261903842828,0.5423166706541332,0.4020694254598059,1.5698851029766727,0.9654338815133721,-3.749771372676301,0.6332867463782271,-0.17374222620222735,-3.5339504015428367,-0.41901628598417745,-2.1268719159850713,0.2063912925205894,0.833424187400058
48,0,-1.1738727457923788,0.2687231343437176,0.046766705708614534,-0.35136581279077117,-0.9977386153353757,-0.43607326236014754,0.27813831341662026,-0.6895856038064393,-1.848504515549814,0.4157047753918521,-1.0688461600796673,1.5603259765842734,-0.5361869185143203,-0.461235990005954,-0.6076634277825478,0.2790883447366254,2.023024392676543,-0.11681440324180199,0.7689138720142293,-0.9178432677145051
49,0,0.838963358541123,-1.088423573212565,-0.3713473763152905,-0.12869990496899467,1.412958489857042,-0.6962545398542497,-0.3227980691399311,1.1720734673793252,1.6346356740340269,-1.4290682529786511,-0.22121994640658166,0.8559253978980953,0.7366976249096916,-0.40373202213176146,0.31928066348195283,0.4228719107251162,-1.0939807133863264,0.16162007777692644,-0.6037612768841122,0.3672448281940037
50,0,-0.3551849167206261,-0.0575455575664203,0.1366479540863591,0.15869116557333932,0.7946738116749138,0.4925303021644153,-0.4373977627678605,-0.5494824986048243,-0.7179173762124212,0.13157183058436156,1.5000776593487708,0.5290317971555825,0.9931755106423389,-0.6753738518213629,-0.19377598247730843,0.7968827541490214,0.24476162241244115,0.5196799844014937,-0.3647384201239304,0.6402007404138678
51,0,0.002136175478694842,0.20950444973212343,0.38550755533737757,0.19939934415111843,0.46086018196665035,-0.45386954691225867,-0.10363236739462557,1.6890680221593206,-0.6002404152127189,0.28054982950548174,1.0945221736522899,-0.3609773819211864,0.38159316553024974,0.02976926051460596,-0.2408608457034788,0.21964896385998722,-0.3869691725495945,-0.15413410442023118,-0.08070943534428028,-0.4793638253582423
52,0,-0.17708714863302302,0.015782061741186668,0.4547828914698949,0.2567456153065952,0.5739520552290447,0.2721354366763588,-0.0849889197715214,-0.422158741588175,-1.870312398441728,0.16030270706074173,-0.6452268901057834,-0.5889150914168217,0.5779888297530235,-0.5534049655276577,-0.25920460939590123,0.5764707240963883,1.085191919638472,0.24591752416211687,-0.03777991903622089,-1.2134311734603236
53,0,-0.591016243334886,-0.44735984885536906,0.3181843228001067,0.02334321766249796,0.10634201663086176,1.5345962766633696,-0.007025733531748121,-0.05007070580073126,1.5628558085666597,-0.9343851609191652,-1.0065970475441133,-2.687174605820986,0.7977726736711805,-4.1084644971931,-0.21492032464244867,0.29131732943303507,-0.09555865629626621,-0.4442163513466672,-0.5776754958251289,0.19395225356401027
54,0,-1.0526251695024365,0.7496890315498337,-0.8515389422482745,-0.16851115923685653,0.1781632278821152,-0.7257010290051668,-1.0251647298453082,-0.6845475882824117,0.17758074222111053,0.9342041665677161,-1.2747920555744237,1.8557067959028448,-2.5512944584679658,1.6603661206025926,1.9814999632846928,-2.5719188965046995,-0.24093690949975488,-0.06438702816163007,2.4636786528383863,0.833424187400058
55,0,-0.6329276001876225,0.1434364870405292,-0.15117910444997104,-0.09639824326072358,0.8304393058096308,-0.056045004023735495,0.1167464468651214,-0.2790899126107027,-0.7184610996014537,0.2668437774746527,-0.8935362194627056,-0.7091964177873602,0.8701928072304616,-0.7212271355021109,-0.012672888299545531,0.49607185160205214,1.0431490218062274,0.15667909514612544,-0.2731337099641807,-1.6525841065143625
56,0,-0.72000863379148,0.5017610110634885,-0.0443336596867598,0.09816618119306285,-0.7529423663570554,-0.6619473037764574,-2.8623049733667036,-0.5598422492577428,0.03240525702955276,0.4119559022926765,-0.2211204060460007,0.61695910404862,0.30436883227533945,0.980144472694008,-0.20687712847037817,0.14131528885619352,-0.480265842444359,-0.21214661664135115,0.046961348390555886,0.833424187400058
57,0,2.034822439003941,1.8535198457474955,0.2796908502338585,0.07187182176927853,1.256492709838824,-0.5784219563237737,-0.044705750076644374,0.2543119467124015,0.3152644990361643,1.9130647646188599,-0.06763494086693632,-0.8599771592242464,0.5946951831148044,2.1267004364607707,-0.1609981529528368,0.3974591855804899,-0.3750461226197406,0.03205421989485076,-0.4452208804080586,0.3672448281940037
58,1,-0.16090590757248494,0.014867220230139512,-1.3473712297813478,-1.6233223893342636,0.9191299499794878,5.087481393980291,0.8083972207700506,0.1553554275514082,0.13568308776445825,0.0855123007541696,0.8357627771427342,-0.2264956891012946,-0.39584143560266566,-0.6219113080643541,0.149943550830224,-0.060024899475888224,-0.363227013039527,-0.4408765073823477,-0.6290876025931882,-1.1671204996934528
59,0,-0.3467554808564004,0.5592654446802107,-0.7750768277005985,-0.7720536633234565,-1.7640988766562968,-0.3814322428233805,-1.4637321914594983,0.003898763869242667,-1.3892525307820494,0.5698093030583923,1.9116605313570123,0.07060719884293522,-0.2964728925128606,1.1709826541837867,-0.09884222162030823,0.0246541917201414,0.4512386430322998,0.3151160859447694,-0.09325836217634718,0.3672448281940037
60,1,0.33899252193178325,0.44199212174990193,0.8493892697460017,0.2329408085434501,1.1352481965973207,-0.6255354536531849,0.012265992409125659,1.320983549314846,1.398514615324896,0.46905027662847826,0.680336766080603,-0.8515584434619206,0.041097143440130955,0.7620005786064726,-0.1316883094673022,-0.3469708636257263,-0.17998174927770605,0.6322266045622409,-0.677628635411362,0.3672448281940037
61,0,0.4088141975925175,-0.20414103815744178,-1.0940851581234887,-0.42392387418461747,1.0877375984354491,-0.5888427515934714,2.0701310670078685,0.018755387236850263,0.21394763686215518,-0.11679928996766918,-0.3476109455683278,0.5372534556830629,-0.6384728843107785,0.2423519842322335,0.5230138845469131,-0.6614160592401573,-0.5515817025734105,-1.0700151355884095,-0.3997472346118404,-0.5744265204204094
62,0,-0.529403910894904,0.5286958483055255,-0.7227932086282783,-0.15180892107505414,0.27690120147188785,0.010108953329602328,-0.2951111199259672,-0.6845813887102857,-0.5830805010640517,0.5616897384302314,-0.4392959839562373,0.20881221280493395,-0.013964803445586791,0.7467180574598583,-0.47822476169830747,-0.3711523284914424,0.14696437981907845,0.6496892084155427,-0.14597136210947628,0.3672448281940037
63,0,-0.4843201239582646,0.02119578838137771,1.7788716463725835,0.7330575681804113,1.4346189490239278,-0.49745512330641617,-2.7825786163410613,-0.7083452942298628,1.1044099659489452,-0.3094445112884073,0.31870405521333456,0.814831331074602,1.7392007367785327,-0.010215728296354238,-0.3004862390942609,1.4728940994685695,-0.34181137869275785,2.703253494238558,-0.08826300719655497,-3.2587038895196296
64,0,2.791620042165785,0.24348415930971282,0.5248234025921461,0.13957188796926578,-0.7191713757270425,-0.24162320482209634,-0.11739311446815054,0.4825102403014175,1.0469176382421244,-0.1149841242988608,0.8586393586258523,-0.1489879706248183,0.8412121927908601,0.10246669130502772,-0.058370833522791404,0.6421088936273679,-1.2872763960055504,0.6946415391817437,-0.5101599082064687,0.3672448281940037
65,0,1.207452872767785,0.7446578437451683,0.45435729492941956,0.37597795233674697,1.9427282248928583,-0.5419917938991488,-0.3930039947764001,0.6024491935374132,1.6079776466859323,0.6578080474202177,0.8579941868233595,-0.7471658677337405,-0.23856564293589835,1.068641439164658,-0.3746499684622281,-0.28783527034522083,-1.8004206355323102,1.0243369654037873,-0.5596823594518316,0.3672448281940037
66,0,1.4516693170834116,-1.9240756043835534,0.14071236144367522,-0.0012221084336770526,1.035538306396845,1.1541783929267724,-0.22552764865085256,0.29229716297765296,0.6781847471831705,-2.2060403878133354,-0.33511757389786895,-0.14500301925400919,0.5803237670313731,-2.215203652739364,0.09599872993604736,0.7346575974605807,-0.10573197968246023,0.10066127252885337,-0.8413494468524279,-1.1671204996934528
67,0,2.229576089237422,0.18567378221575698,0.713970120429391,0.7891708526191182,0.08484855240643141,-0.3458150792169291,-2.7753245276414225,0.5591000014090073,1.0306443604389492,-0.6651097419110203,0.3408540009225796,-1.4101629665899977,0.004798881379057043,0.36594058571467747,-0.1190987346557103,0.46289096108367433,-1.0202085468355608,0.8577079844925838,-0.34487609387267565,-0.10251815779400784
68,0,1.7814854454500368,-1.6168974813850037,0.07886984798949434,0.3455042406211477,-0.8858707341333175,-0.36728562828512834,-0.889625299358611,0.30347468854104903,0.9029909824152037,-3.0992966743433445,-0.21824711513352701,-0.5719971651918367,0.6375780276008118,0.06903570334021601,-0.3238003430477184,1.6711349912723912,-1.21938939800115,-0.27221432245187077,-0.9000383372366454,0.3672448281940037
69,0,0.5096018968903125,1.1071088454514175,0.6510499167982009,0.19566633734127736,-0.6163133947178556,-0.4429341228477876,-0.27275333671147567,-0.500363253995136,-0.1222497704697577,0.8035865366506255,1.3738101602078114,-0.10974501533835365,-0.6405910792850084,2.3667026129145086,-0.0889594584223293,-0.768286022809682,-0.2802986471279267,1.0067820055301102,-0.28533855864338104,0.7386887301026764
70,1,-1.11449067714503,0.3275858759207085,-1.238850317278757,-0.1348367626317775,-0.4685521655994174,-0.5495309047827411,0.7240915411288982,0.20177484650911792,0.573886779921637,0.3754830072321753,1.4466940004789777,1.127605425461898,0.5383701153082513,-0.45571725068964436,-0.09416043073642331,-0.01628981689641477,0.4980621838899911,-0.07715852767886124,0.08104065619108164,0.3672448281940037
71,0,-0.3395412360254663,-0.013678667002757891,0.8390045487149862,0.12433520053947826,0.48677313272132544,-0.4808145488462193,-0.3319806821254828,0.2615249718100871,0.6051896319779306,-0.13859018154407785,2.0847255949343384,-0.05940439402871743,0.9779869122969618,-2.242501291839795,-0.17195805838906852,0.3858457913369462,0.1885023411331705,1.051972393134044,-0.34036990953583707,-2.378195450492596
72,0,-0.31797240671037585,-0.1288868517724665,-0.4326013531600464,-0.15099102401130907,0.17956324318846378,4.255364729454068,0.32574333409741246,-0.3369496786081923,0.1671710980434771,0.2089206350549148,1.1065011314493614,0.6820449043348011,1.0924427933376968,-1.6157246573322286,0.07810660015000025,0.6761115942892411,-1.7122503069768698,0.3128888747520854,0.08849158217722625,-0.8356884306869156
73,1,1.1358002959664262,-4.261085207052285,0.5768025256146041,0.7646485788179954,0.47528315728040127,-0.4292474567064188,-1.6754243968321496,-0.5098540719540816,0.8489844159875958,-3.6726814524387192,-0.1565769011486023,0.28722945859620336,-0.12326344413968444,-1.8242518085961505,-0.6513737501406772,0.5562668540018754,-0.18027409283774076,0.17700642212686185,-0.7196176299609496,0.3672448281940037
74,0,3.3640981091374234,-0.12894443541751488,0.06851459888706796,-0.00017892275642560708,-1.1552625617874188,1.0627065602039616,-0.01551066700200113,-0.4092475980067803,-0.27473411078855625,-0.10326741693295204,-1.1655559452744852,-0.04091654974745748,0.6100035521756432,0.35629484634118347,-0.045452773387859705,0.9303984210014845,1.0668122476717374,0.12177828092428922,-0.8385931538343601,-0.4987460698083581
75,0,0.04701410151431937,0.3618245775533148,0.46744676835969834,1.3115138270064235,1.9945708522410261,-0.6899879960063842,-1.342249074166395,-0.6041957375089089,1.4700781208603741,0.778592450623113,-0.8178818722250527,0.7779520021338655,-2.3802167038558393,0.6090004927188121,0.28604626560237606,-1.5256089924401683,-2.2162451515499932,0.23842365045687247,-0.2780715424180374,0.3672448281940037
76,0,-0.6783330994005904,0.49144787111782207,0.5276848214377732,0.030092430369449457,-0.9025074969518307,-0.5642906878634854,0.026228542135043036,-0.49927637772475025,-0.09880139672964347,0.4613137783919206,-1.1014826681745142,0.8951249186639738,0.5772932683924993,0.5578515741485567,-0.04391503929609269,-0.017794813567224104,-0.06890088037846438,0.37667622548253277,0.5315662673521885,0.19395225356401027
77,1,-0.7972189555441443,0.27922408868844384,0.5814868956242818,0.26912515395894876,-0.4469121687924693,-0.5658537245159917,0.7737069012496514,-0.6871236026433958,-1.4832737614919203,0.30299034187286633,-0.9654053754531375,0.39729675708337514,0.7278728687698787,0.19910774953025634,-0.019577572887374814,0.476182182564409,-0.37157520946415284,-2.1760753210235233,0.491389695311212,0.3672448281940037
78,1,1.2822883661844469,-2.1479797085183905,-1.3985951990774923,-0.906946319188875,0.035911947051808314,4.984208956671513,0.4349705528498498,1.768115047195129,1.2119866394819712,-1.648208509273008,0.5962703929227972,-1.3822127670603515,0.22616236584481336,-2.662159980196691,0.6037292956883772,0.26484220592340807,-1.3474377799170836,-0.1816399300170994,-0.898042994733163,-1.1671204996934528
79,0,0.1410631957794329,0.3662910019809803,0.8976182211173284,0.12991217962371274,-0.9908017300537487,-0.4245924625469358,1.26606069223857,-0.033635563458189695,-0.8337302480263116,0.4560961027660263,1.065316090543283,-0.18728064109880255,0.6805062359616975,0.38538344597028756,-0.054236835348456434,0.29709610283207516,0.3446485219887559,0.6470518842787994,-0.33068069821571633,0.3672448281940037
80,1,-0.11102365159942029,0.7707161850422612,-0.18971593174347884,-0.05727606717160471,-0.24156825090936526,-0.6825612712335773,-0.10502270661424377,-0.05497511441964178,0.19614048942007706,0.6845449597356998,0.8535276793282023,-0.368545247593186,0.10174350545281444,1.5886284551149052,-0.09028073825145212,-0.3230928787855199,0.3631049979163756,0.5442801140987105,-0.07007396454119015,0.833424187400058
81,1,0.5765347785903167,0.13667278707288597,0.15000006123862106,-0.7649365558197463,-0.18083724382540936,-0.5090136590238749,-0.4391900224923006,-0.33319736640673236,1.4160614763658823,0.26364267115700457,-0.8973094614005469,1.5076627893644647,-0.8190210784202635,0.5725719950717325,0.7249095352454751,-0.29573324183949035,1.4878989234849558,0.008733290468968206,-0.36914267669695305,0.3672448281940037
82,1,0.04795714168511428,-0.29013140704248397,0.2719035051481566,-0.11958365227977999,-0.48666252920733,-0.5697445790849403,-2.9357559164253018,0.29774385970302414,0.35905241440369373,-0.23295905206560777,0.36903533922357384,-0.6545151817590008,0.26209704645882137,-0.6992103726053107,0.6650689388609603,0.3980849712183359,0.24743054627365213,0.8573101920475587,-0.5516082816660541,-1.1671204996934528
83,1,-0.3137028840872763,0.5206607503653334,0.20739538544528757,-0.019732969747273253,-0.2742374159423187,-0.1479602704945966,-0.2515212317184513,-0.4588509768380104,-1.025316819419393,0.4396372977781812,1.3708325095050615,0.14891335323454646,0.2985882202976275,0.7858400919392705,-0.08722240177911843,-0.04839561786572429,1.1208108378894417,0.8862699509175767,-0.12354596575072939,0.3672448281940037
84,0,-0.05650459418438176,0.3213844067949656,0.43309626482528396,0.009875820316615902,-1.1305855801389266,-0.12404598172679455,0.21061857801546338,0.9631616680011333,-0.08995131452755724,0.3366853040268027,0.21136581021987944,-1.8181823486876758,0.7652379497408845,-0.14465823239987982,-0.055638166284742226,0.3848261197686319,0.47789727976642493,0.6555080506565303,-0.5746203146381724,0.833424187400058
85,1,0.352823278430018,0.20010078810663548,0.17384794199392004,0.055651120747950686,-0.5846346687214763,-0.5155843711132281,0.0025571049337806185,-0.2864822625367599,0.298058030913013,0.3355705605504755,-0.7675250180621571,-0.2823092203599254,-0.09636883210536708,0.3849120469430584,-0.07099958090988936,-0.3912789430946754,1.1625310838639182,0.023936596353834005,-0.16459212402938528,-0.965608308415256
86,1,0.35549584978517434,0.13253583088943396,-1.2427759151585913,-0.45351761291022485,-0.49232804990072687,0.2745063054665858,0.9362601490845563,1.3852934151392757,-0.3020863153886974,0.1155395099575221,0.7172513760632476,-0.39434454118579176,0.8548400859810442,-0.5355053625940379,0.3211744353244044,0.48022208234583064,0.47706494371359065,-1.4333786231232823,-0.7665212375064722,0.3672448281940037
87,0,0.8969172593943898,0.06958324501615308,-0.1876339013213751,-0.06009828470974636,0.16813547409372204,0.06358478339068342,0.8426813663774344,-0.43050577937850754,-0.1021671829239009,-0.13899559943929027,-0.17081531974847933,-0.7655536885311001,-0.7527364273304665,0.3947822699515903,0.08532183335935505,-0.599640287253317,0.24215296229795752,-0.2072271585829343,-0.6763625233322882,0.3672448281940037
88,0,1.0692501732303499,0.12313498991478262,0.07099753499205114,0.02884227438731183,2.277859849004955,0.8649572814489382,-0.01012481506296316,0.5207951889263146,0.09258480390019092,0.42041989383969014,-1.247811554317169,-1.465124098853642,0.19879846996445621,0.5048513041463154,-0.01075885957530279,0.011084959041692826,-0.3947863963132052,0.1867397838783439,-0.7867417316778363,0.06379173044446997
89,1,-0.9190184487785832,0.45306783765888115,0.4107394337100391,0.04051020617952991,-0.6847741423730701,-0.3544053633035437,0.21878626517747543,-0.6408202455049443,-0.7288580819560182,0.41382598305535734,0.21615062378204258,0.9800517818384626,0.5694167874647705,0.4398164627903392,0.008277892842449366,0.08092342995099817,0.5611725557360339,-0.3693808681560483,0.0414259475673368,1.3650513964771365
90,1,-0.45765720485989814,0.5695434356103584,0.22404723843178764,0.0028637887253029665,0.3612092140933914,-0.6716721528310159,0.0967592998878353,-0.540396436519674,0.9400773424831776,0.5352697988733085,1.0473970793758225,0.08680284814033076,-0.30098366911898083,1.0461651651302544,-0.009860799799836477,-0.8636055505561943,0.6189258698291307,-0.22246841806027715,0.2055654279637595,0.3672448281940037
91,1,-0.09620391386477557,0.3713215881854035,0.1901992938723409,0.04608497958814347,-0.16478562342859746,0.05718923647491615,0.1422660323081975,-0.5400860611916999,-1.0728042239726074,0.43704012783482954,0.48891677322653426,-0.03507358958538679,0.5752978349484711,0.2834090606887433,-0.06291947025356744,0.39777781026760195,0.9064736413331431,0.026629494331240282,-0.04889139697900611,0.3672448281940037
92,0,-0.2930151743824014,0.577252954667888,0.13469918428986863,0.009215066033705505,-0.3035881667814704,0.49982685124112103,0.02208788584871178,-0.5574676058937924,0.731804558796953,0.5477888845709484,1.8535531017102764,-0.11657002739645381,0.3440724179146236,1.008187459085808,-0.07759156022664772,-0.26391869602844154,0.6685442678412431,0.16626344976948018,0.2557809427118378,0.3672448281940037
93,0,0.08267285484373153,0.28051865204660376,0.6384941872021087,0.18299380237962157,-0.7948901873849604,-0.4210695828910652,0.2622196308834197,-0.041063429294764545,0.29301976868953467,0.26669473586417697,0.24638777967351438,0.354897215658262,0.6811077895960855,-0.01875520536083751,-0.2151728417720455,0.333109288856968,-0.25892720680208364,0.07970690355193981,-0.5556074197887128,0.2403071725363729
94,1,-0.8906467219147913,0.6048173575916537,-3.9208399384395567,-0.9788459951589316,-0.701969628427877,-0.5702472717664961,0.17473535497641196,-0.7068262840407011,1.0020787419109758,0.520816688181925,-0.1289044525258559,1.4188519768637733,-0.6164159276381541,1.0444552244302108,0.10654904554079679,-0.8989330994107991,0.23213342682635182,-0.33815655703193603,-0.21491146635771882,3.1802514900499683
95,0,2.719540513090662,0.09396543296059731,0.551156156791822,0.6353045016651748,-0.9716878025245944,0.45813028423364693,1.120481121537142,-0.18980003043909946,-0.027457078188923695,-0.12990459199711202,-0.0963187879736007,-0.10584027310982315,0.5764509717720744,0.43018576745505627,-0.32802190838660983,1.234223586026363,0.6586312164691625,-0.42908211264481905,-0.7320406241359347,-0.8480683368388219
96,0,-0.02518577315076979,0.5359377088447518,0.0720125049594241,-0.017676510663569133,-1.4355038725389768,-0.5624953982972688,0.11851107660479963,-0.3900521641170935,-2.334472189535317,0.5704256129818938,-0.9523981828881241,-1.6182638547325388,0.8542714526933962,0.829891153215413,-0.07616183179972297,1.0191101564316842,1.5285991837347332,0.00030880816561055727,-0.21355510978128583,-0.5788295669930226
97,1,-1.440511674284214,-0.016680058828443724,-0.02423642366670606,0.029459781647478724,-1.2950082265947243,-0.39222401663706785,-0.3793364858820839,-0.505371969448487,-0.1534126453731236,-0.1579689179052695,1.5204146106432708,1.8922346505623249,0.4581177102154793,-1.1509996319819875,0.005141582304952977,-0.04062486011137592,0.9073272337709442,3.0467073180076762,-0.2556846304677384,1.1359901826103742
98,0,0.03216490157529884,0.40297767854107386,-0.06791185875173553,-0.3338158846684091,-1.4615496290153833,-0.07123250284067631,2.5029732200799932,-0.6910211495277416,-0.653764267689119,0.4102878369383237,-1.2842056460475073,1.212303096924182,-0.2473234134865704,0.764604971688672,1.0910816934467618,1.2042320861186593,2.3442722586845366,-0.5247135505383963,-0.6616667654353012,0.3672448281940037
99,1,0.11780553307171442,0.47644522156936053,-0.040125741918145684,-0.02629890220501616,-0.25462138506974363,-0.4852918891270694,0.18072936299968081,-0.6053098247691524,-0.2256881698039258,0.5253469115284165,0.4109012223581816,0.5414449246160459,0.6148490687529128,0.6827687307793541,-0.02890093067628146,0.007659704323412843,1.054109811532661,-0.36917575192021423,-0.03356630372715336,0.833424187400058
100,0,0.4982931548936627,0.6225075039952819,0.6191660129702251,0.18829660527766798,-0.8884697459842448,-0.6226167280414934,-0.17888088544939337,0.007496106601211841,0.45095327741572233,0.601525664632745,-0.5819311151905072,-0.31924987963654416,-0.38956899566541614,0.9216190151577233,-0.16210156971478631,-0.36069538684362,0.1376862092925436,0.9749374492301401,-0.4689150453135205,0.3672448281940037
101,1,4.0964505729741285,-0.008481701769715438,0.3406427430902208,0.17134113933330425,0.23342055625402877,3.4640389098031372,-0.5000460533546063,2.0641767384709415,1.4544377381384763,-0.45021801631770264,0.09945854322882985,-2.0739554920587384,0.4655134242202786,0.1668882316673841,0.1504465228343575,0.4405380783915503,-1.5562738347982323,0.2189793865673812,-0.8798061195421643,0.3672448281940037
102,1,-0.34961905717045166,-0.7916544166467393,-0.25009117950969784,-0.08680389389016933,-0.9408724246868003,-0.23899036835553936,-0.010066461797481762,-0.6527475412700559,-0.0613827076822687,-1.209939690579545,-1.0974316598558354,0.6650377187177244,0.37807199541746933,-1.155505833575288,0.38374015463557987,0.1584220409292233,0.43677686888445283,0.2582568466750514,0.055685447999512076,0.33438643023906156
103,1,0.44370418716892535,-1.954454772451928,0.34820526234727317,0.26483795187753184,0.2933755823902709,-0.1530963846507617,-0.6617918977340104,-0.15985065580238345,0.9753054348812926,-2.230278523372263,-0.7017138753380856,0.9649136159914775,-0.020663544816818553,-1.2802649178026155,0.11135697139104975,0.6322708590920119,-0.040439405506101186,0.0164422098395601,-0.6299568068355044,0.19395225356401027
104,1,0.545685605044755,0.21325726667799638,-0.16952148677648401,-0.36918875825257647,0.6387043508706711,-0.45163396909202536,0.7173595869653798,0.20800754681449765,0.9803443672646597,-0.03279297339617571,1.0790168767187682,0.05574932416945628,-0.10372668785728659,0.45399378514823163,0.9924914035146416,-0.18692005306331108,-0.5520193661689894,1.5112501461755115,-0.540735134153709,0.3672448281940037
105,1,1.2092046254404507,-1.2277041647996627,0.1107735129572676,-0.47565956769397655,-0.9998852895810664,-0.24986015188894795,0.9305603318396678,-0.15502381638285465,1.1953693342640699,-1.6380835812746115,-1.569244596338196,0.19663875865373215,-0.570270872221022,-0.12420528600025527,-1.2083485014490558,0.7978180039733478,1.1563343218360882,0.0703682046701519,-0.7253309641710336,0.32068035673295675
106,0,2.7605888521266326,0.6847141092807292,0.31580069921207315,0.3499292187658727,-1.165080244960431,-0.5850231244806694,-0.8040204689996795,-0.2985355752052917,-1.453464522137803,0.13365110162181354,-0.8133813304310378,0.0894462578474965,0.3303691294808473,0.9785765428371838,-0.14349729664968922,1.040749747532143,1.023438479653885,0.49856205129454345,-0.7169892126697526,0.1440060866648029
107,1,-0.018781489217756336,-0.04420227508277722,-0.6304092378708747,-0.6302751218225306,-0.6101014908721999,0.02873937312631368,0.9055225723158098,0.43348505568966494,0.358026426372103,0.07356695477442687,0.13639877502402392,-1.6745780801470551,1.078490634586252,-0.6174724130345439,0.12835317950125405,1.124554309287717,0.37198910633756127,0.6434815747311945,-0.13170659434676968,0.3672448281940037
108,0,2.1007004240291227,0.4790149286644962,0.014948568722764108,-0.10252570861946472,-0.5183664801717769,0.27696359255348196,0.14585355419388377,-0.30491085959550435,-0.5069206505537674,0.4851715283432538,-0.6663394326151155,-0.6364060965595755,0.3232205313601058,0.7255924543199731,0.09575018340002851,0.2974606859330132,0.23609142970099514,-0.21530804895582714,-0.19664666486616839,-1.2577068304728878
109,1,-0.23141370300997963,0.4071760988145464,-2.210877001631328,-1.7776737482265834,-1.1653256850675213,1.9142206645385336,-1.2678409161516666,-0.697612782057845,-0.745455833452479,0.42000846166897965,-0.3821190228677672,0.7901175164445666,-0.35401962918116686,0.6609385764839318,1.0912369269959972,0.035526340884346204,1.9896864452249299,0.5467685279015422,-0.3721675145439789,0.3211645685096135
110,1,-0.22769597249144424,0.5678037306697148,-0.6996246517161879,-0.43086210027165445,0.20708892996098496,-0.11199547536552298,0.3967590915967557,-0.4828950166249699,0.11284955220227048,0.7497777543385067,1.7932188319570417,0.5047716617800606,-0.9036787088740653,0.7409609108975153,0.6457093876468473,-0.9349883290572442,0.1393970299333556,0.4777379960151267,0.023578771635837503,0.3672448281940037
111,0,3.1665305688272927,-8.539130448139272,0.7450148088087492,3.6739738319737096,1.619439241115828,-0.6218785535932349,-0.7869665083848173,-0.07907060295226861,1.338231484176417,-8.302744430788465,1.6437898553736348,-0.05130646427835165,0.7403816928887901,-0.209345300696157,-0.19126201750283844,3.0341097554858645,-0.966927346917628,0.1089253304975257,-0.9285112323833326,0.3672448281940037
112,0,1.2952297636336654,0.26648141444388507,0.21278277898135553,0.19142408211913686,-1.0382065896272188,3.2683543776163595,-3.1432462515819086,0.05109670426592593,-0.11097784575750602,0.12406297620290302,-0.15262396767149064,-0.7342622228904985,0.35294632499421247,0.5222290727855237,-1.2562811202381756,0.537305372004487,0.8193976986610795,1.322956885673335,-0.5284309940367333,0.3672448281940037
113,1,0.050252447036634285,-2.5645516742860948,-2.200715442003892,-6.7224447294140415,0.4705143820809855,-0.43081254409835956,0.8830622934855051,-0.6903897196809836,0.34965772106901466,-1.8235721444955484,-0.093663457928493,1.3892644955771187,-2.4570353757722154,-0.262731768288753,6.167286529579346,-0.9189540741526858,-1.357406074432264,-0.41558463709704896,-0.5201125411248831,0.3672448281940037
114,0,-0.6457593882646849,0.188237392129295,-0.5469770829690965,-0.029448752465390027,-0.1109837719999578,-0.6868821470543078,0.0505223843818413,-0.5561230387803574,-0.2245978559171366,0.19065630759213317,0.029687932759431955,0.5428261976342129,0.2929463547579273,0.12288340017626172,-0.15099977963157798,-0.20655414938116134,-0.34383517404995123,-0.5700233353231635,-0.4894977728632111,0.833424187400058
115,0,-0.2524906633421696,0.0013862438373587198,0.30507340679981365,0.15246727433881635,-0.2384207363881893,0.18122915991009425,0.7349997411057844,-0.10051254670479377,-0.3443668001475405,-0.17773489797749956,0.5884501473733769,-0.0013985785608323451,0.5235320170510367,-0.2053255993235621,-0.11571698685804187,0.3515483827891938,-0.3446517057040953,-0.16363500219212834,-0.6585517201294325,0.3672448281940037
116,1,2.115559860862223,-3.0123902165971446,0.37933028582937056,0.35589164642399135,0.216358591763879,-0.3046382348714062,-1.1257589653521392,-0.3849434363492298,0.9106704699253474,-2.826033753218991,0.8250576895798881,0.527891184146656,0.7567080521416312,-0.9510194688629515,-0.1326373043801563,1.1753778716320817,0.09684589791596905,0.09763321880221647,-0.6222036404368048,0.3672448281940037
117,0,-0.06924200334138693,0.5357644221530399,0.20085994915988356,0.07185495590185371,-1.5546519865970134,-0.4752428717822499,0.816557150098667,-0.4822629304602241,-0.1131050898872354,0.3559134988218307,-0.37015668304676846,-0.07893993573561216,-0.265893939422026,0.803152812939264,0.14881364973352848,-0.13163403716182498,-0.572302126637608,0.5284382753044256,0.14990101526813698,-1.1312857808069097
118,0,-0.6282911732654453,-0.5420421443100037,-0.28406701618413216,-0.26591080382435617,-0.07994030653524802,-0.24960375427557666,-0.876988621165147,-0.43790625849838116,-0.7107705347297497,-0.15474454876728352,0.5680778820514458,0.04896266263781079,-0.1599971926050584,-1.027466543782447,0.182328042128465,-0.24307304095682178,0.3643344861265538,-0.8613614013537182,0.5208144572724712,0.3672448281940037
119,0,-1.0403250743139365,0.46782451968453664,1.1205354167099926,0.4452698406056225,0.8733601218832784,-0.6283799052392341,-0.7159259278814579,-0.48402313084227594,0.5388270486353024,0.5501836102449242,0.16316938011345355,1.2081022599047297,-0.22852488340861365,0.7114537592344261,-0.48276260532665594,-0.4370769624501754,-0.9844572287300164,2.6503784774928145,0.58035961446871,-2.5511918361873427
120,0,-0.22564635195314647,0.5494343705589415,0.12446592382103705,0.007899825424732655,0.20673520539312631,-0.31513059511326624,-0.09057155348058107,-0.31520160232162747,-1.0035725245115354,0.3809031640635888,0.3593254568818395,-0.23290815410020424,0.2555885712825799,0.787149547787301,-0.2848306268032079,-0.18240325589645398,-0.8729668489937797,0.5477290085516726,0.832611291514644,0.3672448281940037
121,0,-2.487475179377559,0.5735013680804795,-2.768274423844456,-0.14809070968173726,0.03657400826664223,-0.6927226728740888,0.1731021326619355,-0.7298053540304742,-3.3175638414392705,0.5455702389283402,-3.720773854068993,0.5859446255182514,-6.008415091433949,1.3354158049247082,0.08385352937694623,-6.387943899331479,-4.703821434645517,-6.555229912300119,2.4914227913054825,0.3672448281940037
122,0,-0.9084430160203592,0.5701734650015019,0.04723685985658623,-0.05122855438517446,-0.4164645396387942,-0.3612036763632325,0.6625638310983497,-0.664535378716315,-0.8531618543609744,0.5169458900255185,-0.24455492119858335,1.1078122026173591,0.19910379971105235,0.80383187676485,-0.07004561035470504,-0.35714998116949054,-0.41337911274142886,0.6191239301166837,0.6636927954773795,1.6949965813943892
123,0,-0.3489786287761686,0.1721386027520148,2.6944440529508786,5.604015883091947,-1.8758725691348754,-0.4673771100531527,-0.9157902415589241,0.4490577382105336,-0.3204346557249718,0.312913897751779,2.725466475165292,0.09464663643747877,1.6437091250815714,-0.6014501776370351,-0.20440402094240728,2.886490713591201,0.5693041689901498,-0.3466826200035293,-0.1327341828088862,1.649912931669209
124,0,-0.5287519972366717,0.4110318676727251,0.049509901661282094,-0.1161959903401208,-1.2452648563570072,-0.6402469537396414,0.15186295626415433,-0.27751550800234714,-0.15360624978519363,0.4562266334132414,1.5612848647024538,0.6292678285400762,0.23911523625654432,0.08099936927835016,-0.042960951275046635,0.02950971196441779,-2.1592187859965115,-1.4498249479743095,0.03523424098283379,0.3672448281940037
125,0,-0.82525174223732,0.5308332454766482,0.45680164797226014,0.23260965416306506,1.100426193147773,-0.6768011498948994,-0.35657279101881695,-0.7039162686432179,0.7535916426975501,0.5907220261778294,-0.6164993583732881,1.7211962565042473,-3.1086436287849195,1.2222466828697216,-0.2533442185916295,-2.341442175082969,-1.3106759842982982,0.07368857509941545,0.6571709507117691,-0.18936020362701425
126,0,-0.6312681041561651,0.31836756711089415,-0.936801490870644,-2.3268659109831886,-0.42315761414908,0.40502849807822944,1.943667302376663,-0.669463797488581,-0.2829837057683623,0.5900130679892592,-0.19256086761427293,1.5624222545275277,-2.8913923993953246,0.7313665053001808,5.019357518283943,-1.9879854665230303,1.1229058453857372,1.0178559841661279,-0.1764150854184101,0.3672448281940037
127,0,-0.6333956247565533,-0.5470956496327122,-0.6651906579833977,-0.4049571878786307,-0.24775600567675155,1.4268667844388543,0.8017151567657023,-0.6180350623505503,0.10155868128194301,-0.2874980050624408,-0.3353652775447435,-0.24247653060227092,0.20473629921852138,-1.657445483741307,0.594478811389526,0.16556805339967895,0.5232117719335416,-0.6129381458474935,0.1255450276399199,-3.2587038895196296
128,0,-0.7467879036216166,0.23362980868829603,0.26510597211358794,0.50559352738184,1.2383684386316594,-0.5191531650433079,-1.8171953210251124,-0.6428727016108864,-0.46455738982096983,0.24298425132575974,-1.8719148887013408,1.4935575327726198,1.4584464943111848,0.06483658082312753,-2.508994529281086,1.3133774256002209,-1.9221505123409626,0.3245191709258046,0.964705178435534,0.833424187400058
129,1,0.8122466334843176,-0.07734239933804077,-0.05758188864060806,-0.27641749470512,1.3320243314317024,-0.3132019828195522,-0.06231656727524651,1.936596634308729,-0.45568638456893057,0.004780370692952542,0.21919595467953312,0.09467040995880356,0.16866265179318068,-0.11022678975795619,0.36039187751404556,0.10190483136559593,0.26650323002221266,-0.7718644637779045,-0.010914955598915439,-2.257993743906607
130,1,-0.3023005122068901,0.3237205150492151,-0.870215614085308,-0.5196709524085905,-0.4259782649005182,-0.203567269412978,0.32821517646017206,0.3252414253104745,-1.0649660140568462,0.39011831215934545,0.3112874836999343,-1.0663617229656341,0.09167885422181578,0.16341383760995098,0.5772423802289527,0.1252866552645041,0.7366580462816831,-0.1302924225661892,0.033934219644518496,0.3672448281940037
131,0,2.0637678049473505,-0.6779072684734961,0.7675940319388682,3.252215591351913,-0.510085964094212,0.4259895040767513,-0.8545155629503125,-0.5623500807303257,-0.706540723827938,-0.015130187610399222,-0.6634733254621114,0.2096443917732024,0.12216204502593064,0.40113151887870696,-4.656560063101635,2.6727910725276325,0.49259140535030166,0.17046549165789765,-0.9949846538837405,-0.8562644037874186
132,1,1.8246081232883475,0.7193709154621377,0.5672233005075581,0.6107761452030392,0.06889549301384112,0.12470611886907691,-0.6389935445854303,1.8071074075870612,0.3110207931314035,0.47395699871082425,0.283117785708308,-0.5702370881676129,0.5877008864951981,1.0673373489517415,-0.4126082618004569,0.7902517239546079,-0.1152466731682486,0.2030226600216883,-0.5215329497064339,0.3672448281940037
133,0,0.20256254816254274,0.4921103142746163,1.0929446170683152,0.35408933445745194,0.8108065812155254,-0.6912966405798755,-0.4506568874563525,-0.4064741716433354,1.5823798745831041,0.46951477463366936,0.912666743735838,0.3923191068137819,-0.28176296382843175,0.9407206930931674,-0.17531768486746915,-0.5496603583892838,-1.4950490843126514,1.3373409363534676,0.3201774860691943,-3.2587038895196296
134,0,-0.27111826596098293,0.30350229652070365,2.171232778902389,0.3951276344142013,-1.505696915808962,-0.467826102342202,0.6274399672482918,-0.39151481515537306,1.15706765117395,0.33367726820718996,1.6857549804105096,0.901196356750707,0.3041631814518007,-0.19196625570857734,0.4865642527917111,0.013586232074042092,-0.5801588035315921,-0.9063372977439147,1.2903770517523132,0.3672448281940037
135,0,-1.2664592164617454,0.6482420025613089,0.16775735029793215,0.2202070623963485,0.351954105725383,-0.5853466592195721,3.053216730218144,-0.7204640363016706,-1.4811543884596996,0.4582084445548496,-1.006016667433243,0.5138376213601573,0.09868287639158137,1.0775618325048384,-0.4252232393900015,0.0020403063411744975,-3.4429203933036154,-0.6878635051228094,4.809862570007843,0.3672448281940037
136,1,-1.2867560526201864,0.06865916394220929,-0.11849245415983777,-0.5785552143009818,-1.9773109124878692,-0.4694080140977893,-1.854097249596465,-0.7238570858860154,-0.6501950598040791,0.3308598341088675,-0.25577508678405,0.35415182378148646,-2.5414419313690098,-0.8119455422476934,3.5025853147565362,-0.19275848239697205,-2.6354783700058375,-1.326575015334911,8.68007817164872,-3.672077863363945
137,0,-0.740739038720459,-0.1927221710233873,-0.4154793725900549,-0.03944945558852567,0.5899038580196112,-0.42292418664093046,-0.398601780613748,-0.2782128242004263,0.35004037521302384,-0.23590900565560302,-0.19813661491122384,0.3402952876474383,-0.1666072247712088,-0.6167082407445713,-0.11679774285598503,-0.10902061101263032,0.6119286652926084,0.725710068113744,-0.2006831593714148,0.3672448281940037
138,1,0.21628244688275378,-0.5356745230412178,-0.8673996100714813,-1.1635639779529972,-0.7539621353657241,1.072133552666512,-0.6967849112934777,-0.6931276281520058,-0.48329268334870673,0.5684472421919164,-0.20385523652977033,1.7944310296474497,-1.131804259799249,-0.9185143082547003,1.0446075873610343,-0.5095025511812481,1.767109930442921,0.34243215571092417,-0.2688689451078557,0.6971945172531019
139,1,-1.0087635646254764,0.4269491637934937,0.9185021077239544,0.1657481256283068,-0.3319149803704547,0.4100114863347905,0.7618282228901974,0.1674356033365191,-0.6599696318474529,0.4077162246857071,-0.26473613561647324,-0.9774124213655392,0.3158425524623287,0.11586798190924061,0.08019872633960894,0.06053280782402755,0.6684285405488999,-0.65141428213432,-0.27293737920393013,0.19395225356401027
140,0,1.1400708173057112,-0.13783811702177304,0.37255745329864587,0.2764250407826905,-0.4994754838441532,-0.3372771819887921,-0.3876416567408987,-0.4015164514353414,0.13592897359733613,-0.1460657701596502,0.2451195148333861,-1.2662501451475048,-0.244806917531397,-0.1397512152668238,-0.15600755927527218,-0.09991614930090041,-1.2582765931357944,0.4669753718838862,-0.5252477851054094,0.19395225356401027
141,0,1.2304670977843342,0.6832758529568349,1.1113559712927794,0.5883830921935296,1.0853872257073467,0.42036061428396515,1.5888304514458467,0.8890509777903483,0.3926683059154418,0.5549788284473475,0.11703386285154613,0.9483210711251451,-0.05114261998701905,1.0668803711517554,-0.23856795867635833,-0.06377976637931322,-0.8969277405533383,-0.1427084436522692,-0.6688565389747098,0.19395225356401027
142,0,0.18882666994409425,-1.1333304827357533,-0.24037982069123506,-0.30887503068131617,0.5912519573300776,-0.15118237112055735,0.7144168496423196,-0.21622820077193697,0.16130775143741277,-0.835595779266308,-0.14332536319793693,-0.2159691030855463,0.7433221412360375,-1.3612244278187309,0.5618760401582092,0.9597069838400549,-1.1033218085443177,-1.147960701178753,-0.45186617809562096,0.18006500708435433
143,0,-0.2578787509564502,0.26169558189622305,1.7427927621835901,0.555445246490545,-0.616311513153811,-0.022907236997291316,-0.4410783426862718,7.632906260792612,0.8949558594758523,0.31633016029490424,0.6579083530624761,-1.6534585567478095,1.111551868117404,-1.1544854320192475,-0.031294514820051904,0.7506794616649705,-0.7899628639022582,-0.4219259228662428,-0.32793606627384037,0.3672448281940037
144,1,-0.8957652803051533,0.27237169280409634,-0.09916970551774298,-0.036095808084455505,-1.1651796917222033,-0.5799732442694615,0.9596177910012977,-0.6352686812717808,1.840379256819464,0.3327832134137051,-0.7009584483820376,1.0129950103547607,-1.0582182732566896,0.0874858352860639,-0.0270035929535678,-1.5459062803635004,0.982848614677344,-0.7243055381965801,-0.3494309022518362,2.00692012006598
145,0,-0.83006644045512,0.5958031521553421,-0.563850851919001,-0.0952045384253107,0.3605767503110446,-0.5922991036099733,0.2177732911788307,-0.6958831332420715,-0.40065562801599636,0.5779746153769454,0.926226108146358,0.7274529289902325,-0.09256210085834608,1.0110048270743996,0.07120460023244504,-0.6789575786170068,-1.1517237239596614,-0.29288590257376007,2.156885506769385,0.19395225356401027
146,0,-0.8910403419364622,-0.15187261274676253,-1.0514244428946806,-0.2572976749254837,0.5497965004583976,2.179207393737754,0.06635432791427409,0.704415120722551,-0.05259250319609454,-0.018642482661103674,0.18592640616732076,-1.7899338245864242,0.10069453356620187,-1.1470255157694924,0.651753886741217,-0.28129206926646133,-0.33722644328832657,-0.5253415632514361,-0.6672851616291762,-1.3960944798088795
147,0,-0.15723037292159686,0.19933223338224693,2.5684925984481604,4.0158319263027265,-1.158348756940105,-0.36937503195330756,-1.8210204057461716,-0.05671601372031085,0.1725246298042201,0.41240571422373734,5.38912754998346,0.18933651054214248,1.6683231982678044,-0.2673281077271148,-1.6468063647956088,2.5416697050954467,-0.9880194418795221,2.07044659359912,0.9367918085609945,0.4973806971244393
148,1,-1.5946881934803825,0.34874234483760547,-0.30575010752931275,-0.08371562906533872,-1.3021494015504,-0.3589806895183144,0.31015173146075625,-0.6544498768040466,-0.715322494777514,0.38631502866426853,2.2210173599910226,0.22538883525592676,0.2415144304006036,-0.6195663682963748,0.12168590257932309,-0.24204735687991552,-0.3208301104147932,-0.8642920389327435,2.5794718792866127,0.3672448281940037
149,0,0.33189812334744967,-1.1505419116722784,0.42238841828775847,0.7838992602887688,-0.5566653911224502,-0.5436514102073972,0.08830715145279411,-0.6719102352528268,-0.8392994538565776,-1.8676948678591603,-0.15990677262194122,0.9024385590976248,-0.44579101748534633,-0.24385154091013753,-1.1553888546017748,0.4013323580163488,0.719855504290331,-0.26872042788959777,-0.4554934366263643,0.3672448281940037
150,0,-1.628765912621759,-0.026858964052133456,-3.4556684318997046,-0.8373469264205688,-1.2610800115264305,0.19942185452851247,0.7047692882760944,-0.6613506912049096,-0.09824113689076223,0.1885571068660586,-0.39928045594825906,-1.2034088932578546,-0.2813173191915881,-1.2508172511024653,1.0825085711406224,-0.5417151060693501,0.340469462006645,0.5492809130914784,0.4119580375384832,-3.120527622860522
151,1,0.6703958640516372,0.6381377830839002,1.7449346466540028,0.8594109532798134,-0.38428058054272257,-0.6125427447594154,-0.6248374257612131,3.600317536919555,0.7762484695483772,0.5575279330572657,-0.3670055038044266,-1.0584479908439566,0.30800130906780787,1.326698605985953,-0.5566766508448017,0.14786988421992078,0.7278871787084525,0.4508334061077328,-0.011126704446074514,0.3672448281940037
152,0,-0.4728181298839397,-0.014824553031142428,-0.9725491575826147,-0.4225571894321179,1.2164768009162155,-0.16364845817996457,0.12862619696275912,-0.5755488904790661,-0.5881862830989458,-0.028224856848839037,0.25715897621623196,-0.6744243921991427,0.013402819138807363,-0.09415061170515424,0.15596458572729127,-0.28495560897050026,-0.3676106480196636,-0.5001648402055598,0.12224307664863651,0.3672448281940037
153,0,-0.6773762020038605,0.13415701596996282,-1.473899629409856,-0.28217111514399684,0.6122122865212666,2.038730110942195,0.17623870241100928,-0.5190869467968156,-0.4397821930629114,0.3830411670062153,-0.29128850862130573,0.9166738257437792,0.39458361136562553,-0.38096176203196047,0.20941329184527602,-0.05142235183434134,0.1911397897088514,0.17541806251307118,0.7257584103729667,1.0434926314183681
154,0,-1.0334437773434153,0.16336271648567824,-3.5923499920444586,-1.2677468649348504,0.8170648598802095,0.2488845772625135,0.3037233599310151,-0.6583765773795033,0.6597395103897014,0.4926653737854633,-0.20280249403376474,0.9610755777776147,-1.5310724498441952,0.25528222482956314,0.16764453298296902,-1.7472741202822377,0.21089370447997477,-0.7536978882063511,0.48191621853460004,0.3672448281940037
155,0,-0.4578462123798769,0.15539623257306068,-0.03298199273695619,-0.023747865493679344,0.21784951933175098,-0.19693783572252962,0.16675518922931412,0.27289337714660794,-0.06604065183632714,0.24473171895210555,-0.7152038293434331,-0.7409924326492285,0.5119784056849168,-0.45808990330820853,-0.1163204871533166,-0.07144701884050085,0.09741282498739404,0.2954307295342197,-0.1498250736605368,0.30426948544330296
156,0,0.37860894795606953,0.2648764702965395,0.3210658857844086,0.0581007190797556,0.6323285017424065,-0.27649277232725356,-3.3570345392507086,0.03284678124731959,-0.47293889973981496,0.4089874541389916,-0.2634953063297287,-2.1422955134646604,0.0197132005936462,-0.04850678839106867,-0.25135597021891093,-0.13793402220397583,-0.3547700449366244,0.31566879206518617,0.44503604257836504,-1.1671204996934528
157,1,0.28049182257124206,-0.6347668140021253,-0.15995466776130493,-0.22600676961174387,1.4238171646914943,2.0693563925049494,0.33555058804382504,-0.3219572975537907,-0.05189820903775166,-0.18727849864636753,-0.9526351625278004,-1.3117044819294679,-0.09364730741868411,-0.9779078475659061,0.10116819916684748,-0.18276327788177094,0.5399127738300427,0.29943007265074395,-0.3193822458436457,-2.0803851128941497
158,0,-1.1677101517947552,0.48632986154349866,-1.098779063692074,-0.35270839934277215,-1.4426447731726018,2.556586056664677,-0.06726376304544143,-0.45903066578605456,0.18270152122785235,0.4308839608225093,-0.18050354445779274,-0.17411333658871583,0.8681648741305185,0.12695651435269045,-0.07718583621982109,0.6231922488994741,0.4264689966665526,-0.4177034849202,1.9476503791876616,1.6949965813943892
159,0,0.2942803832051017,0.13836014825977086,-1.8666292258092054,-0.7988870571572739,0.9681787793056574,-0.7189305163499423,4.311023188632549,-0.30327007510559895,2.17373257425784,0.4655792552379245,-0.027004013798935796,1.3048045780876407,-1.7185585962010221,0.19544670711484757,0.33287704824625763,-1.8914044231915486,-0.8113934597227114,-4.130830081186699,0.45843892242661116,0.45534825237125764
160,0,-0.5932222881970259,1.3233013834408853,0.5370643074446078,0.3578834995341318,-1.6371885352587126,-0.6748143007731817,-0.8524831794573333,-0.7293562291582415,-1.0662785841280027,1.182689346831246,-0.9399434758761384,1.483468654026233,-0.6187845637711507,1.8390053412073717,0.3406308105705911,-0.33061752905636643,0.7240068451819971,0.9161550293709666,0.30297835676438545,1.168035314173559
161,1,1.28104995494012,0.44562316648347505,0.007857385656645082,-0.049933952734368216,0.8403729166495513,0.05026549267383471,0.06749247991199032,2.023775995060669,0.5120672022218055,0.08021401677725647,-0.8125854462148536,-1.8429038258913277,0.31792660348866203,0.8255868793741977,-0.07186428929142702,-0.10872175304998641,-0.5620152876399394,-0.24708917325695537,-0.520971335912678,0.3672448281940037
162,1,0.24391075248669805,-0.20671241874762902,0.8583051824363906,0.68787106543799,1.138338193594647,-0.49344634378066243,0.11282223444647264,-0.27432169881732715,1.918492101211254,-0.5241696840800525,-0.3596242744408054,-2.143713622421209,-1.2557078105516193,0.17298596015102258,-0.3945901442053935,-1.1567898665742116,-0.6014389217657773,0.4358677419559511,-0.5022068628528829,0.3672448281940037
163,0,-0.15421823719616304,0.3739009617683259,0.7511225489655192,0.1582742659683172,1.8824693957508931,-0.6533654596851727,-0.2111069234242529,-0.03253038508909605,2.771812039348461,0.43248656652250317,0.6460208487498365,1.5450161031690386,-0.5338531459423602,0.7963203683680634,0.052567982553815305,-0.8300948182378659,-0.13765800747338697,0.4933584009743684,-0.10030857924137271,-0.08663722631004736
164,0,-0.7479331843386638,0.3333695161687355,-3.5254935169837083,-3.2191623258662445,-1.1334328044434252,0.027037950667521852,1.0228857561832294,-0.6759361508746612,-0.9166788189153501,0.21400521857015592,-0.17703413279530728,0.9392190901287699,-1.3189234333227469,0.5421422457520184,-4.274098262993742,-0.7476787207579509,0.48152984812264016,0.26445380113683425,-0.21100306898351012,1.2259231907164174
165,1,-0.26368729916147327,0.15272707375725267,0.5458755795459751,0.26738733734155473,-1.3824550651581375,0.27609895989847666,-0.31492316366662104,-0.7174829666522754,-1.1255284172068303,0.17880705393683394,-0.9785570808429926,0.2795989077350371,-0.23743352020501338,0.32312145038709733,-0.7282173858439205,-0.30715452353493666,1.0065513304093179,0.056783931642798297,-0.2625024380760749,-1.1671204996934528
166,0,-0.9472663345212149,-0.1262300080434647,0.48747540185857685,0.053927711197191884,0.411155833092766,-0.5572419211465066,-0.093018951733877,0.009383934470670473,0.8565275565757139,-0.15852310998579874,-0.1739061051837157,0.9699167876751584,0.1573466796603716,-0.5442629187830472,0.07068009809099456,-0.37399840514401334,-0.43539402602153926,0.3047214774186045,-0.04124463435873124,1.1359901826103742
